Model,Train RMSE,Train MAE,Train R²,Test RMSE,Test MAE,Test R²
Ridge,3.268972460689466,2.809688071207839,0.042736932163719765,3.40609527306681,2.968021969276711,-0.02784527630545619
Random Forest,1.4528110700398946,1.2320974330058736,0.8109280685534974,3.4667500253439427,2.9363346929158016,-0.06477835938121146
Gradient Boosting,0.4694700396256848,0.3717755057879385,0.980256481829399,3.5996007922076103,3.012695790154746,-0.147949646314963
XGBoost,0.5647131509026766,0.42904484272003174,0.9714329838752747,3.6372444928283763,3.101853370666504,-0.17208516597747803
